{"name":"Footer","type":"footer","sections":{"newsletter":{"type":"newsletter","blocks":{"newsletter-0":{"type":"text","settings":{"title":"Get our Newsletter","subtext":"<p>Exclusive discounts, early access to new styles, and special content<\/p>"}},"newsletter-1":{"type":"email_form","settings":{}}},"block_order":["newsletter-0","newsletter-1"],"settings":{"background":"alt-background","padding_top":0}},"footer":{"type":"footer","blocks":{"footer-0":{"type":"link_list","settings":{"title":"Navigate","menu":"footer"}},"footer-1":{"type":"link_list","settings":{"title":"Shop","menu":"footer"}},"footer-2":{"type":"text","settings":{"title":"Need help?","company_email":"hello@example.com","company_phone":"+1 111 111 1111"}}},"block_order":["footer-0","footer-1","footer-2"],"settings":{"background":"main-background"}},"sub-footer":{"type":"sub-footer","settings":{}}},"order":["newsletter","footer","sub-footer"]}