{"current":"Paws","presets":{"Paws":{"color_primary_background":"#FFFFFF","color_primary_text_1":"#3A3A3E","color_primary_text_2":"#3A3A3E","color_primary_button":"#3A3A3E","color_primary_button_text":"#FFFFFF","color_errors_1":"#984B2C","color_alt_background_1":"#3A3A3E","color_accent_1_text_1":"#FFFFFF","color_accent_1_text_2":"#FFFFFF","color_alt_button_1":"#FFFFFF","color_alt_button_text_1":"#3A3A3E","color_errors_2":"#FFFFFF","color_alt_background_2":"#F6DFD9","color_accent_2_text_1":"#3A3A3E","color_accent_2_text_2":"#3A3A3E","color_alt_button_2":"#3A3A3E","color_alt_button_text_2":"#FFFFFF","color_errors_3":"#984B2C","color_alt_background_3":"#F9F3F1","color_accent_3_text_1":"#3A3A3E","color_accent_3_text_2":"#3A3A3E","color_alt_button_3":"#FFFFFF","color_alt_button_text_3":"#3A3A3E","color_errors_4":"#984B2C","color_background_modal":"#F9F3F1","color_modal_text_1":"#3A3A3E","color_modal_text_2":"#3A3A3E","color_modal_button":"#3A3A3E","color_modal_button_text":"#FFFFFF","color_errors_5":"#984B2C","sale_color":"#984B2C","promo_tag_background":"#984B2C","promo_tag_text":"#FFFFFF","color_notification":"#2D7B6C","color_text_notification":"#FFFFFF","type_header_font":"fraunces_n3","heading_scale":100,"uppercase_headings":"all_caps","type_body_font":"source_sans_pro_n3","body_scale":100,"type_button_font":"fraunces_n4","button_scale":100,"type_accent_font":"fraunces_n1","accent_scale":100,"font_price_style":"heading","icons_style":"fa-thin","border_radius":100,"font_subheading_style":"heading","uppercase_product_title":"all_caps","product_gallery_border":false,"sections":{"footer":{"type":"footer","settings":{"background":"alt-background"}}}},"Noteable":{"color_primary_background":"#FFFBF8","color_primary_text_1":"#685736","color_primary_text_2":"#685736","color_primary_button":"#8B7346","color_primary_button_text":"#FFFBF8","color_errors_1":"#984B2C","color_alt_background_1":"#8B7346","color_accent_1_text_1":"#FFFBF8","color_accent_1_text_2":"#FFFBF8","color_alt_button_1":"#FFFBF8","color_alt_button_text_1":"#685736","color_errors_2":"#FFFBF8","color_alt_background_2":"#FFFBF8","color_accent_2_text_1":"#685736","color_accent_2_text_2":"#685736","color_alt_button_2":"#685736","color_alt_button_text_2":"#FFFBF8","color_errors_3":"#984B2C","color_alt_background_3":"#F8E7DD","color_accent_3_text_1":"#685736","color_accent_3_text_2":"#8B7346","color_alt_button_3":"#685736","color_alt_button_text_3":"#FFFBF8","color_errors_4":"#A2281A","color_background_modal":"#FAF3F0","color_modal_text_1":"#685736","color_modal_text_2":"#685736","color_modal_button":"#8B7346","color_modal_button_text":"#FFFBF8","color_errors_5":"#A2281A","sale_color":"#A2281A","promo_tag_background":"#A2281A","promo_tag_text":"#FFFBF8","color_notification":"#10653C","color_text_notification":"#FFFBF8","type_header_font":"fraunces_n4","heading_scale":115,"uppercase_headings":"none","type_body_font":"oswald_n3","body_scale":100,"type_button_font":"oswald_n4","button_scale":100,"type_accent_font":"fraunces_n1","accent_scale":100,"font_price_style":"body","icons_style":"fa-thin","border_radius":100,"font_subheading_style":"heading","uppercase_product_title":"none","product_gallery_border":false,"sections":{"footer":{"type":"footer","settings":{"background":"alt-background"}}}},"Treasure":{"color_primary_background":"#EEEAE8","color_primary_text_1":"#32261E","color_primary_text_2":"#78675E","color_primary_button":"#32261E","color_primary_button_text":"#FFFFFF","color_errors_1":"#A9453B","color_alt_background_1":"#32261E","color_accent_1_text_1":"#FFFFFF","color_accent_1_text_2":"#FFFFFF","color_alt_button_1":"#FFFFFF","color_alt_button_text_1":"#32261E","color_errors_2":"#FFFFFF","color_alt_background_2":"#A5968D","color_accent_2_text_1":"#32261E","color_accent_2_text_2":"#32261E","color_alt_button_2":"#FFFFFF","color_alt_button_text_2":"#32261E","color_errors_3":"#A9453B","color_alt_background_3":"#78675E","color_accent_3_text_1":"#FFFFFF","color_accent_3_text_2":"#FFFFFF","color_alt_button_3":"#FFFFFF","color_alt_button_text_3":"#32261E","color_errors_4":"#FFFFFF","color_background_modal":"#FFFFFF","color_modal_text_1":"#32261E","color_modal_text_2":"#78675E","color_modal_button":"#32261E","color_modal_button_text":"#FFFFFF","color_errors_5":"#A9453B","sale_color":"#A9453B","promo_tag_background":"#A9453B","promo_tag_text":"#FFFFFF","color_notification":"#4E7E6A","color_text_notification":"#FFFFFF","type_header_font":"fahkwang_n2","heading_scale":100,"uppercase_headings":"none","type_body_font":"klee_one_n4","body_scale":100,"type_button_font":"klee_one_n4","type_accent_font":"fahkwang_i2","font_price_style":"heading","icons_style":"fa-thin","border_radius":100,"font_subheading_style":"heading","uppercase_product_title":"none","product_gallery_border":true,"sections":{"footer":{"type":"footer","settings":{"background":"alt-background"}}}},"Maravella":{"color_primary_background":"#EEE4DB","color_primary_text_1":"#68612f","color_primary_text_2":"#434d10","color_primary_button":"#434d10","color_primary_button_text":"#ffffff","color_errors_1":"#984B2C","color_alt_background_1":"#384124","color_accent_1_text_1":"#f5c4da","color_accent_1_text_2":"#094029","color_alt_button_1":"#f5c4da","color_alt_button_text_1":"#094029","color_errors_2":"#FFFFFF","color_alt_background_2":"#FFFFFF","color_accent_2_text_1":"#eee4db","color_accent_2_text_2":"#434d10","color_alt_button_2":"#eee4db","color_alt_button_text_2":"#eee4db","color_errors_3":"#984B2C","color_alt_background_3":"#384124","color_accent_3_text_1":"#ffffff","color_accent_3_text_2":"#dcd1c9","color_alt_button_3":"#434d10","color_alt_button_text_3":"#ffffff","color_errors_4":"#984B2C","color_background_modal":"#ffffff","color_modal_text_1":"#434d10","color_modal_text_2":"#434d10","color_modal_button":"#434d10","color_modal_button_text":"#ffffff","color_errors_5":"#984B2C","sale_color":"#984B2C","promo_tag_background":"#984B2C","promo_tag_text":"#FFFFFF","color_notification":"#5d6b16","color_text_notification":"#FFFFFF","type_header_font":"hina_mincho_n4","heading_scale":100,"uppercase_headings":"none","type_body_font":"ebgaramond_n4","body_scale":90,"type_button_font":"hina_mincho_n4","button_scale":100,"type_accent_font":"ebgaramond_i4","accent_scale":125,"font_price_style":"heading","icons_style":"fa-sharp fa-thin","border_radius":0,"font_subheading_style":"heading","uppercase_product_title":"all_caps","product_gallery_border":false,"cart_icon":"bag-shopping","sections":{"footer":{"type":"footer","settings":{"background":"alt-background"}}}},"Roadster":{"color_primary_background":"#FFFFFF","color_primary_text_1":"#414a57","color_primary_text_2":"#414a57","color_primary_button":"#414a57","color_primary_button_text":"#FFFFFF","color_errors_1":"#984B2C","color_alt_background_1":"#414a57","color_accent_1_text_1":"#FFFFFF","color_accent_1_text_2":"#FFFFFF","color_alt_button_1":"#FFFFFF","color_alt_button_text_1":"#3A3A3E","color_errors_2":"#FFFFFF","color_alt_background_2":"#f7f7f9","color_accent_2_text_1":"#414a57","color_accent_2_text_2":"#d0d9dc","color_alt_button_2":"#414a57","color_alt_button_text_2":"#FFFFFF","color_errors_3":"#984B2C","color_alt_background_3":"#f7f7f9","color_accent_3_text_1":"#414a57","color_accent_3_text_2":"#7c838c","color_alt_button_3":"#ffffff","color_alt_button_text_3":"#3a3a3e","color_errors_4":"#984B2C","color_background_modal":"#f7f7f9","color_modal_text_1":"#414a57","color_modal_text_2":"#7c838c","color_modal_button":"#414a57","color_modal_button_text":"#ffffff","color_errors_5":"#984B2C","sale_color":"#984B2C","promo_tag_background":"#984B2C","promo_tag_text":"#FFFFFF","color_notification":"#2D7B6C","color_text_notification":"#FFFFFF","type_header_font":"syne_n8","heading_scale":85,"uppercase_headings":"all_caps","type_body_font":"m_plus_1_n3","body_scale":95,"type_button_font":"syne_n7","button_scale":100,"type_accent_font":"syne_n7","accent_scale":90,"font_price_style":"body","icons_style":"fa-sharp fa-thin","border_radius":0,"font_subheading_style":"body","uppercase_product_title":"all_caps","product_gallery_border":false,"cart_icon":"bag-shopping","sections":{"footer":{"type":"footer","settings":{"background":"alt-background"}}}}}}