{"sections":{"hero-video":{"type":"hero-video","blocks":{"heading":{"type":"heading","settings":{}},"button":{"type":"buttons","settings":{"button_label_1":"Shop now","button_link_1":"shopify:\/\/collections\/all"}}},"block_order":["heading","button"],"settings":{"transparent_header":true}},"logo_banner":{"type":"logo-banner","blocks":{"logo1":{"type":"logo_image","settings":{}},"logo2":{"type":"logo_image","settings":{}},"logo3":{"type":"logo_image","settings":{}}},"block_order":["logo1","logo2","logo3"],"settings":{}},"collage":{"type":"collage","blocks":{"media1":{"type":"media","settings":{}},"media2":{"type":"media","settings":{}},"media3":{"type":"media","settings":{}},"media4":{"type":"media","settings":{}}},"block_order":["media1","media2","media3","media4"],"settings":{}},"multicolor-cards":{"type":"multicolor-cards","blocks":{"card1":{"type":"card","settings":{}},"card2":{"type":"card","settings":{}},"card3":{"type":"card","settings":{}},"card4":{"type":"card","settings":{}}},"block_order":["card1","card2","card3","card4"],"settings":{}},"media-grid":{"type":"media-grid","blocks":{"media1":{"type":"media","settings":{"item_width":2,"item_height":1}},"media2":{"type":"media","settings":{"item_width":1,"item_height":1}},"media3":{"type":"media","settings":{"item_width":1,"item_height":3}},"media4":{"type":"media","settings":{"item_width":1,"item_height":2}},"media5":{"type":"media","settings":{"item_width":2,"item_height":2}}},"block_order":["media1","media2","media3","media4","media5"],"settings":{}},"media-with-text":{"type":"media-with-text","blocks":{"heading":{"type":"heading","settings":{}},"text":{"type":"text","settings":{}},"button":{"type":"button","settings":{"button_label":"Optional Button","button_link":"shopify:\/\/collections\/all"}}},"block_order":["heading","text","button"],"settings":{"layout":"right"}},"shop-the-look":{"type":"shop-the-look","blocks":{"focal_product1":{"type":"focal_product","settings":{"horizontal_position":40,"vertical_position":38}},"focal_product2":{"type":"focal_product","settings":{"horizontal_position":64,"vertical_position":30}},"focal_product3":{"type":"focal_product","settings":{"horizontal_position":54,"vertical_position":62}}},"block_order":["focal_product1","focal_product2","focal_product3"],"settings":{}},"testimonials":{"type":"quotes","blocks":{"quote1":{"type":"quote","settings":{}},"quote2":{"type":"quote","settings":{}},"quote3":{"type":"quote","settings":{}},"quote4":{"type":"quote","settings":{}}},"block_order":["quote1","quote2","quote3","quote4"],"settings":{}},"feature-cards":{"type":"feature-cards","blocks":{"column_feature1":{"type":"column_feature","settings":{"feature_title":"Fast Shipping","feature_icon":"truck-fast"}},"column_feature2":{"type":"column_feature","settings":{"feature_title":"Free Returns","feature_icon":"box-check"}},"column_feature3":{"type":"column_feature","settings":{"feature_title":"Easy Exchange","feature_icon":"arrow-right-arrow-left"}}},"block_order":["column_feature1","column_feature2","column_feature3"],"settings":{}},"featured-shops":{"type":"featured-shops","blocks":{"shop1":{"type":"shop","settings":{}},"shop2":{"type":"shop","settings":{}},"shop3":{"type":"shop","settings":{}},"shop4":{"type":"shop","settings":{}}},"block_order":["shop1","shop2","shop3","shop4"],"settings":{}},"checklist":{"type":"checklist","blocks":{"line1":{"type":"line_text","settings":{"text":"No toxic dyes or inks"}},"line2":{"type":"line_text","settings":{"text":"No sulfates"}},"line3":{"type":"line_text","settings":{"text":"No BPAs"}},"line4":{"type":"line_text","settings":{"text":"Paraben free"}}},"block_order":["line1","line2","line3","line4"],"settings":{}},"featured-product":{"type":"featured-product","blocks":{"selling_features":{"type":"selling_features","settings":{}},"text":{"type":"text","settings":{}},"title":{"type":"title","settings":{}},"price":{"type":"price","settings":{}},"variant_picker":{"type":"variant_picker","settings":{}},"buy_buttons":{"type":"buy_buttons","settings":{}}},"block_order":["selling_features","text","title","price","variant_picker","buy_buttons"],"settings":{}},"spotlight":{"type":"spotlight","settings":{"font_size":60}},"collection_list":{"type":"collection-list","blocks":{"collection1":{"type":"featured_collection","settings":{}},"collection2":{"type":"featured_collection","settings":{}},"collection3":{"type":"featured_collection","settings":{}}},"block_order":["collection1","collection2","collection3"],"settings":{"title":""}},"customer-reviews":{"type":"customer-reviews","blocks":{"review1":{"type":"review","settings":{}},"review2":{"type":"review","settings":{}}},"block_order":["review1","review2"],"settings":{}},"social-media-banner":{"type":"social-media-banner","blocks":{"media1":{"type":"media","settings":{}},"media2":{"type":"media","settings":{}},"media3":{"type":"media","settings":{}},"media4":{"type":"media","settings":{}}},"block_order":["media1","media2","media3","media4"],"settings":{}},"video-column":{"type":"video-column","blocks":{"column1":{"type":"column","settings":{}},"column2":{"type":"column","settings":{}},"column3":{"type":"column","settings":{}}},"block_order":["column1","column2","column3"],"settings":{}},"countdown":{"type":"countdown","blocks":{"content":{"type":"content","settings":{}},"timer":{"type":"timer","settings":{}}},"block_order":["content","timer"],"settings":{}},"before-after":{"type":"before-after","settings":{}},"FAQ":{"type":"collapsible-content","blocks":{"collapsible_row1":{"type":"collapsible_row","settings":{}},"collapsible_row2":{"type":"collapsible_row","settings":{}},"collapsible_row3":{"type":"collapsible_row","settings":{}}},"block_order":["collapsible_row1","collapsible_row2","collapsible_row3"],"settings":{}},"map":{"type":"map","settings":{"show_map":false}},"multicolumn-banner":{"type":"multicolumn","blocks":{"feature-1":{"type":"feature","settings":{"icon":"truck-fast","title":"Fast Shipping"}},"feature-2":{"type":"feature","settings":{"icon":"box-check","title":"Free Returns"}},"feature-3":{"type":"feature","settings":{"icon":"arrow-right-arrow-left","title":"Easy Exchanges"}},"feature-4":{"type":"feature","settings":{"icon":"phone-volume","title":"World-Class Support"}}},"block_order":["feature-1","feature-2","feature-3","feature-4"],"settings":{"padding_bottom":0}}},"order":["hero-video","logo_banner","collage","multicolor-cards","media-grid","media-with-text","shop-the-look","testimonials","feature-cards","featured-shops","checklist","featured-product","spotlight","collection_list","customer-reviews","social-media-banner","video-column","countdown","before-after","FAQ","map","multicolumn-banner"]}