{"wrapper":"div.template-product-wrapper","sections":{"product-information":{"type":"product-information","blocks":{"selling_features":{"type":"selling_features","settings":{}},"text":{"type":"text","settings":{}},"title":{"type":"title","settings":{}},"price":{"type":"price","settings":{}},"countdown":{"type":"countdown","settings":{}},"variant_picker":{"type":"variant_picker","settings":{}},"buy_buttons":{"type":"buy_buttons","settings":{}}},"block_order":["selling_features","text","title","price","countdown","variant_picker","buy_buttons"],"settings":{}},"product-content":{"type":"product-content","blocks":{"description":{"type":"description","settings":{}},"product_features":{"type":"product_features","settings":{}},"product_notes":{"type":"product_notes","settings":{}},"scale":{"type":"scale","settings":{}},"product_care":{"type":"product_care","settings":{}},"share":{"type":"share","settings":{}},"complementary":{"type":"complementary","settings":{}},"checklist":{"type":"checklist","settings":{}}},"block_order":["description","product_features","checklist","product_notes","scale","product_care","share","complementary"],"settings":{}},"size-chart":{"type":"size-chart","blocks":{"row_1":{"type":"row","settings":{"is_thead":true,"row_name":"Size","column_values":"XS, S, M, L, XL, 1X"}},"row_2":{"type":"row","settings":{"row_name":"Bust","column_values":"32, 34, 36, 40, 43, 45"}},"row_3":{"type":"row","settings":{"row_name":"Waist","column_values":"24, 26, 28, 32, 35, 37"}}},"block_order":["row_1","row_2","row_3"],"settings":{}},"product-recommendations":{"type":"product-recommendations","settings":{}}},"order":["product-information","product-content","size-chart","product-recommendations"]}